UMAP1,UMAP2
12.05243,11.107198
8.554477,-1.5740321
10.6025,10.777447
-2.555187,9.120806
0.750111,8.471648
1.4537753,6.810025
5.780344,2.8019845
-0.00160254,10.215748
0.4140639,10.384712
-1.7784483,2.9672785
11.560416,7.6273837
12.536111,11.592532
8.1614895,-0.9288912
10.734554,7.9165545
12.539002,10.653876
-0.9238145,3.1122193
11.247031,8.538653
1.9380944,5.758873
8.414974,1.0523149
10.850698,8.048349
9.602912,11.268929
0.93681693,5.50642
1.4234465,7.3274612
-0.28853485,7.4218616
12.411564,8.637852
-1.0697107,3.5277903
-2.630144,8.796514
9.68095,11.369568
12.464669,8.174189
10.696771,9.025939
-1.9209217,7.7798586
8.243786,-0.8830293
10.661063,10.621777
8.627599,-1.1594082
1.4662938,6.841966
1.8097903,10.623667
6.0594864,1.4908283
11.702708,10.3482275
2.5534353,6.0947337
0.046778075,9.8402815
-2.5221,8.149045
0.6208958,10.31778
12.302725,11.861382
11.479861,7.5083194
-1.7269446,8.341306
1.4632747,5.871454
5.694126,3.045872
10.630207,11.36728
5.7581463,1.1007502
12.206167,11.897952
1.7005233,6.5716734
10.793743,11.363706
12.420024,11.224942
6.4731326,0.7410929
0.6075111,7.3480253
12.211104,10.770373
1.6812922,6.645873
6.343183,3.2024674
6.447957,3.0268857
10.682187,10.918319
-1.7489525,8.306142
-1.7279017,2.4042404
2.25644,7.2357187
1.4947218,7.079912
1.5180185,5.2825756
10.724672,10.835062
2.692519,6.2572813
-0.54218197,4.476189
10.815776,8.924519
5.654639,1.0287354
10.320947,11.412367
11.911545,11.451265
11.519355,7.524537
11.117737,9.270529
5.518124,1.3117908
-2.6441116,8.313971
1.8362502,10.69233
10.6916,9.016104
12.231316,11.193024
-0.7347991,2.6937418
-1.6886078,4.1077394
6.4049916,2.70336
10.845457,12.041706
-0.17249708,8.356081
7.672061,1.797159
0.5539666,9.292966
-2.4985652,9.203075
6.199917,3.0841866
7.989429,-1.6347635
10.669842,10.345079
10.888991,8.578906
7.150389,2.1043003
7.354595,1.9811074
3.004748,6.164634
10.621066,10.442664
9.751011,10.999678
1.8117805,10.461828
-1.399691,3.0989172
2.400925,6.2628446
6.422145,1.3810012
10.930431,11.072618
2.4931,6.6089554
12.028687,10.535112
0.7567946,7.422733
12.076184,10.617139
0.12332752,7.2430367
8.211405,-1.5767348
10.842955,11.885553
2.8783453,6.901228
-2.2748168,4.484014
-2.3149362,8.872126
2.1765654,6.955176
7.2496166,1.8993675
-2.2178721,4.2631803
5.5945916,0.922544
12.019931,10.883419
10.347117,9.743061
12.027808,11.916825
-2.560093,3.5413082
1.1579183,6.4070263
1.4595746,7.1363063
6.483439,3.6355853
10.905821,10.813302
-1.2554637,4.459309
10.086899,10.837275
8.300429,1.0976528
-1.7794918,3.7623715
9.097455,-1.1036961
8.650025,-1.2453977
11.939245,11.058037
1.0597514,5.831776
9.98785,10.911169
6.103384,3.5486073
-2.2076044,7.5707164
-0.3943661,4.033304
-2.1421924,7.8270364
-2.403252,8.546714
-1.9352124,4.3737683
10.734625,8.943958
-1.1712527,4.334491
-0.4338354,7.9789195
0.25286,7.4001603
6.4296465,0.77093846
1.085651,6.1826324
10.55285,10.23996
6.320944,2.5533237
8.203427,-1.8508321
-2.788409,9.001804
12.693589,11.358575
8.713963,-1.0029248
10.448404,10.347543
-1.8104247,8.751555
12.294153,10.611639
9.625032,11.243051
-1.3066436,2.79036
11.845772,10.3522625
12.111729,8.63319
12.172429,11.879926
-1.0330546,2.456382
-1.2620587,2.4470654
-1.8795674,8.336645
-1.7625078,2.4206707
-2.6405423,3.5190723
6.1418166,1.6784564
2.2338138,5.6178603
10.842744,10.284153
-2.358398,3.9910357
-1.1372242,2.5236335
10.667918,10.289518
0.51918614,8.887377
1.7791101,10.484057
10.208462,10.344133
0.6890429,10.243512
11.78894,7.649449
-2.3453326,7.9833446
7.5757656,1.8207285
0.9574152,6.9934363
10.584741,11.243512
-1.6716536,3.8610811
1.8598555,11.289616
10.315248,11.466036
-1.7895068,8.240519
-0.7216537,3.7728562
-1.6598773,2.4291298
10.169969,9.905757
10.644695,11.882941
10.869243,11.248883
8.87477,-1.3625585
6.308796,2.9532309
12.26959,11.871935
5.648956,3.6562197
10.503682,11.50771
8.630297,-1.2229804
12.441536,8.378823
-1.8023005,8.617003
8.103267,-0.8511794
-1.0214,8.563318
6.1052423,3.9732168
0.89190423,7.7358804
10.3323555,10.569306
-1.4000537,4.2315025
-0.5175125,4.5206366
10.946148,11.558025
-0.9788368,7.969161
8.9443035,-0.89274704
9.745467,10.862986
6.933261,2.3818705
2.1222565,5.946843
1.7963367,10.36407
10.22506,10.450801
1.3921936,7.1478734
-0.036048185,10.181737
6.31081,3.901762
-2.0770676,7.6971993
-0.6956377,7.2559953
6.3938937,3.5997722
10.117999,11.47684
0.29688376,9.825493
7.6492863,-1.1707373
5.5569797,3.988024
-1.725834,8.347286
12.143392,8.512651
1.5465059,6.6073966
1.5996068,10.688906
0.42692035,9.968723
6.3148847,3.0528035
6.060841,1.0682565
11.663596,11.623108
2.7979262,6.236722
5.566798,0.89380866
10.855645,11.765143
0.61642784,6.3998632
-2.6116104,3.6869683
1.3503704,5.3270636
2.2954094,5.684473
10.226215,11.814255
2.661354,5.795498
7.669113,1.6054946
6.083512,0.85969526
11.431567,12.109674
11.490881,8.024188
1.5644348,5.467784
7.132312,1.3826126
0.9551148,6.045307
5.945543,2.5332139
8.303683,-1.9918494
8.754115,-1.0973471
5.617132,1.1192762
6.2957077,3.7979453
0.5368037,8.786041
0.07553331,10.201782
-1.4508611,3.7711549
-1.7033143,3.971847
11.040714,11.905518
-1.6540016,4.181617
10.905099,11.923869
-2.6409497,8.840725
12.130342,10.965673
7.2523685,1.6831784
0.9332671,8.744076
-1.1374797,2.4877229
7.9723735,-1.5246843
1.1756539,6.7019734
11.676672,10.300449
11.058089,11.060428
12.071657,11.148164
6.222005,3.728287
1.8565978,11.094544
-0.7181968,7.249716
11.259566,8.519955
0.9331587,7.9653087
-2.6986341,3.703908
-1.7050412,8.307051
10.663609,10.763459
2.0468764,6.5891104
11.786509,12.093445
12.05487,8.708881
11.516743,7.529507
-1.5692168,8.689386
10.699596,11.652285
-1.3106111,2.5142455
-1.2326857,3.1816611
0.9911984,5.4815474
8.228691,1.2305691
-0.049296424,10.194111
12.151038,10.931435
6.3272505,3.2862227
8.457097,-1.7156382
0.8400007,7.184991
0.5044032,9.171625
6.2271996,0.88636124
-1.8079821,8.810896
10.809507,12.097516
12.427729,8.68127
12.86348,10.994164
0.4172488,7.0878453
10.824525,8.176273
6.0056605,1.2696422
-1.7833596,2.790417
12.057052,10.927308
-1.7656797,2.4928148
-2.384649,3.7731466
-0.90380794,2.9245732
5.725668,2.7007284
-1.2689775,2.8865077
1.7041641,6.8413844
-1.7416865,8.382994
8.888232,-0.88916427
6.0820603,3.9371758
6.2148623,3.1513789
10.185088,10.432599
7.4012604,1.5021135
-2.739588,9.013001
-2.2834675,3.4446154
7.0238075,1.429482
5.572196,0.92558575
12.415232,8.2051935
0.88655776,6.1271443
0.3401291,10.56756
-2.2814703,8.4551115
5.4507933,3.3920956
11.5206175,10.833307
-2.5965643,7.9728413
10.149669,11.101449
11.865438,11.072686
12.387407,8.362187
1.0207838,5.4443884
1.6063141,7.703001
1.54028,10.867904
12.633572,11.515309
-0.84804964,2.8256032
11.33105,11.936453
7.922605,-1.5822518
0.24048595,9.529754
1.43537,7.0949197
2.523386,5.835436
12.679513,10.975801
10.520053,11.163758
6.2688537,3.8399205
8.322574,-1.8592045
-0.77818346,7.888339
10.571548,11.3441725
10.42588,9.995809
-1.2060336,4.3175454
11.0558,12.037051
6.4102445,3.1529229
-1.6434853,2.3598588
0.058847174,10.210627
-0.5421446,3.8424504
5.972621,2.903414
10.08577,11.014656
5.607356,1.0017908
10.697627,11.404273
6.495127,3.5508637
1.7834387,10.486857
-0.658492,3.6536407
7.448758,1.8073834
6.3339615,3.7893994
8.827233,-0.75655097
8.021359,-1.0245292
12.387693,8.566121
6.3510795,1.2717425
1.0757943,5.7058887
5.6112576,0.9817977
-1.7030578,4.032882
-1.8487455,8.640712
12.22598,8.736005
-1.9017662,4.354859
7.2965636,1.7041848
6.211981,1.2345296
0.62104595,7.6184087
1.7052023,6.421139
-0.90175426,7.8852696
6.205133,3.793088
10.998431,12.1776
0.9859421,8.621761
12.026244,11.867085
11.41477,8.456913
1.3399688,6.8043346
9.7832575,10.395132
-1.0839192,3.3786128
-2.2572021,7.973494
5.599288,1.0257505
2.0193553,11.109109
8.72595,-1.0593396
10.79689,11.056577
8.254567,-2.043511
11.183594,8.51996
8.155694,-0.96852547
-1.3032584,2.3497481
7.0573006,1.3492817
8.783938,-0.8077812
0.4349256,10.36764
-0.47274563,4.188979
8.453474,1.010939
2.468097,6.2737465
1.3036753,5.9750037
5.620144,2.5339057
1.5179499,6.5258017
10.424349,10.392729
1.524184,10.690475
9.777361,10.368893
11.868535,11.8610325
-0.41219634,4.550208
0.97503424,10.136251
-2.487148,9.1919565
0.35434964,9.763374
9.86459,10.28973
9.662643,11.026611
-1.8717222,2.897706
10.847777,11.988683
1.0789325,5.840083
1.7203578,10.501535
2.4449174,6.4104633
12.336226,10.639501
-0.7924956,7.169799
2.4940584,6.1566668
2.2165294,6.6782765
6.315073,0.93849474
0.8444012,9.112934
5.679314,3.1115978
6.6168346,2.8338327
0.13288161,9.588816
2.0989006,11.05712
-2.2146466,8.404426
0.9070358,8.780705
11.269233,8.547271
6.364831,1.3111979
11.761614,7.6393404
12.396795,8.598431
7.6069665,1.6940827
11.782432,12.073137
-2.657507,8.2554655
1.6436479,7.7681856
5.791684,3.312351
2.1091566,6.2043967
7.243393,1.899285
-2.171079,4.7045493
1.9276367,6.11436
-0.72421086,3.4820566
11.440034,11.43553
-0.15363953,9.670223
1.0842553,8.10193
10.191258,11.808865
0.9755333,5.9322495
12.602166,11.470388
7.1826234,2.1351366
11.018354,11.949621
-2.2665586,9.092523
12.741837,10.892102
9.8008995,10.574235
6.4768453,1.3073413
-0.4740872,3.7457848
0.9815712,6.2087126
2.5390065,6.0336666
-2.63271,8.863661
0.92377675,6.289277
-0.7410592,2.8225577
6.1186814,0.89473337
2.2577436,6.425906
9.063681,-1.2468188
0.833533,7.5916414
0.42013898,6.944196
-0.7012697,7.1938777
0.41669887,9.704158
7.5734367,1.6652324
5.9818935,1.9832603
-0.95190376,8.221424
10.737573,10.327877
12.536181,11.226759
1.0513067,5.780877
0.8760635,6.7351384
-2.4557722,8.95421
11.875086,8.435503
1.350413,5.6557364
5.56627,1.5471013
10.147208,10.873086
6.519678,3.5450778
12.022355,9.361859
6.0121956,3.4868581
6.552592,0.71682894
1.7657982,5.284415
1.8063794,7.1601095
10.308353,10.448769
-0.50323695,2.7695708
1.0723581,9.244671
11.494689,7.5174103
1.0286186,5.426922
0.8342367,9.138463
12.028729,9.989723
2.618412,6.5713086
12.3590355,11.744487
10.796015,7.91977
5.3551307,3.2345133
-0.029954681,9.626584
5.5864434,3.3418016
-0.50425804,3.5410526
10.309875,12.039773
0.2412614,7.722035
12.1494875,10.956241
-1.2215854,3.393852
5.7138615,0.85565776
10.385909,10.402478
10.002176,11.046906
8.428844,-1.8858913
12.056195,10.700027
10.768467,8.149351
9.695431,10.67714
-2.307481,7.9048405
-2.0050528,8.065693
9.922058,10.42077
10.379291,9.384261
11.809792,11.298598
-1.2699138,4.349208
5.9397817,3.4938123
5.284818,3.8205569
-0.92474777,4.7061605
-0.70932966,3.4888084
5.8184547,0.8808724
0.22873141,7.7640977
-2.6413524,9.003342
11.520005,10.919863
1.0903577,8.649012
7.712927,1.6505843
1.65683,10.732994
6.0106225,2.0482252
6.8398848,1.6805133
9.735266,10.462697
2.428394,6.512635
1.833532,10.431339
12.264583,11.577103
-1.486342,8.751575
-1.4605018,2.4583006
-2.624602,3.725858
8.928925,-1.1297224
6.4181314,0.7568682
6.4679513,2.980108
11.282478,8.301186
10.551277,10.547853
-1.1255045,3.4318593
5.6836324,3.4599848
10.920369,12.176807
11.612451,7.5462646
1.8475323,5.2930417
-2.7906015,9.001416
11.858499,11.883955
2.032674,7.029031
2.7757769,6.844722
6.782243,2.5117238
0.8783628,8.810593
6.2736034,3.6898282
-2.352921,3.725342
6.054506,1.0171076
-1.1235404,3.2100744
-0.7948678,7.389927
-2.4172244,3.9523292
8.109101,1.3899034
0.7008601,7.9554605
0.31966808,9.89606
1.0283642,5.7219296
-1.7261766,2.4583426
-1.3093909,2.6069524
-2.4647667,3.6704133
-1.6471121,4.339368
-1.4780843,4.2401543
-0.29850364,7.422072
-2.3355856,4.392065
11.35752,8.319828
-1.7342441,8.9320545
-2.6665118,4.0940294
12.510931,10.869241
1.9787025,7.1039505
0.80240023,7.2964563
10.891704,8.776989
7.047394,1.3560519
10.750043,12.235666
11.904269,11.949846
-2.7457979,9.038498
10.49701,9.3209715
0.5377379,10.399725
5.643817,1.0882177
-2.4730186,3.65449
1.6807444,10.9079485
-2.133947,7.857569
6.2270045,1.3383585
1.3331535,6.446794
12.735491,11.256172
-0.48224464,4.6342673
-1.6650649,4.2072096
6.9986076,1.4147143
6.0567,1.4900212
8.123691,-1.611797
1.7797135,11.2725315
10.218914,10.568839
12.2037325,8.430197
12.023583,8.666951
1.796147,11.263341
-1.763779,2.8058205
11.764767,10.041487
-0.54615927,3.5569768
8.355199,-1.3801484
1.0897076,8.626858
8.113316,-1.8150189
0.72753847,7.770636
0.5768768,7.6366735
12.45846,8.578092
12.702425,11.062818
8.15961,1.3369699
10.739464,10.28968
-1.8161682,8.215004
5.1392097,3.895195
2.2922525,5.7135835
7.9797254,-0.99439293
5.5809026,1.4464983
1.1931382,6.027364
10.242777,9.871356
2.8022172,6.8467236
12.169382,8.129985
11.574566,11.554706
8.61165,-1.3937794
12.533435,11.073227
1.3248297,7.2180414
5.9951243,3.977085
2.1180027,6.6879215
1.6675498,6.3682404
9.7251,11.046455
6.1273336,3.9716742
6.1411114,2.6049175
9.879554,11.080181
-1.4705011,4.325269
10.843885,11.514463
6.960088,2.3303816
2.1928022,7.011652
1.1044005,7.1151915
12.411169,11.008999
-2.379262,7.8649087
2.4591897,5.7504883
0.8120333,8.828939
6.257273,2.492197
10.192526,9.464191
-0.5647131,8.275661
11.481706,8.001982
2.5687082,6.647318
8.376826,-1.3351704
0.69787276,6.661569
-1.8540999,8.637052
5.5457726,3.6204712
11.53328,7.5735455
11.396153,8.142098
11.277186,8.280819
0.3487669,10.39545
8.1378,1.3458555
0.17047097,10.174239
-2.2268527,4.5375876
1.8634963,6.649334
7.9846826,-0.6914806
3.166962,5.961791
2.3655255,6.588936
6.527707,3.5636828
-1.6351752,2.3996236
0.9895256,6.0601063
12.1671095,10.725146
1.5504386,10.880877
12.163731,10.809795
6.053978,3.3455822
11.724152,11.508035
10.901073,8.530181
-0.4242506,8.169134
10.00739,10.43019
5.8954024,3.4972556
11.832637,11.417486
9.573778,11.283085
9.823747,10.282936
10.860037,10.795975
6.3841376,3.4195101
12.330442,10.992029
0.7421611,8.916677
11.6543455,7.579694
8.4977455,-1.0014123
-2.034008,4.1965857
12.486282,8.213356
8.499287,-1.0434676
12.041394,10.042282
10.413341,10.756402
5.860466,3.3088164
2.3765664,6.568957
6.3330216,3.7228668
12.20275,10.7136135
7.133631,2.1626003
2.5262308,5.7993994
7.288985,1.7780933
6.228554,3.1670732
0.72091204,5.9728317
0.3146758,10.5571165
-2.5337672,8.468365
6.1919007,3.795444
6.392494,1.3634807
10.513822,9.943403
-1.2488294,8.0587435
10.619248,11.609692
11.849885,11.032646
-2.227549,7.9808507
5.6288347,3.7454507
8.576834,-1.5227951
1.123958,6.1200852
11.641284,9.475378
0.5509416,9.910734
11.137378,12.167273
-2.5633655,7.899844
-1.03321,8.563338
10.006155,10.796783
12.204939,11.815171
-0.87931955,4.7248926
10.457705,10.715939
8.730536,-1.1516168
-0.59347963,4.5170054
1.740211,6.5924616
8.285932,-1.1906217
1.465315,5.201067
9.77622,10.715313
2.7722063,6.011238
1.1757753,8.213127
1.6983202,11.078923
2.7495453,6.0018425
6.282282,3.5287955
-1.6382356,3.901752
8.401074,-1.3417314
1.6804237,10.598645
10.163979,10.5680895
9.742452,10.688855
1.5579189,10.664085
12.230523,11.464459
6.192517,1.0920933
10.454975,10.334854
9.691176,11.249363
1.5954411,7.778895
5.53502,3.616192
10.463071,11.312106
10.722667,12.021212
10.92451,10.224552
1.0859283,5.9541435
1.0898284,5.620914
0.4931322,10.451176
0.64309466,9.010107
1.5031433,10.781101
7.4856753,-0.9509501
10.608387,11.4454975
7.0686493,1.5077175
12.894886,10.998483
-0.561135,7.946666
10.98439,11.587702
10.727759,11.176436
0.78625834,9.063381
0.40532452,7.556766
1.8940269,7.051807
10.761104,10.77936
7.576119,-1.1046708
-1.1135942,3.175908
-1.8382007,3.0433478
-0.56075937,2.7304428
7.5403657,1.7743946
9.950712,10.40016
8.824268,-1.3778579
5.16655,3.9713583
12.112601,11.321102
-1.7335694,2.323341
6.2332053,0.95448124
-2.596662,9.045449
-2.4405112,8.499404
1.6608107,11.218487
-2.3481238,3.8554833
6.0071263,2.8585825
0.7416134,7.627151
5.931053,1.9919672
10.652059,11.403711
10.397959,10.227187
12.306616,8.587552
-1.7697744,2.4773655
6.1206164,1.9202906
12.12883,8.633179
0.76604533,7.0025077
6.369789,3.7418675
10.723335,11.703244
-2.2947218,8.922086
1.3351209,7.557573
8.196187,-1.8128802
-0.66590714,2.8691504
11.621545,12.070368
10.051479,10.805741
-0.84221566,4.6056356
0.63820016,9.031575
1.2074457,7.8833394
-0.15007843,4.020272
5.1961317,3.9395611
10.740364,7.9749064
6.4315805,1.2663691
11.521233,11.100838
1.942657,6.7485285
10.887189,11.997963
1.3189672,7.6575203
-1.1173981,2.5553384
12.003695,9.7007265
0.847747,6.838988
1.58225,10.796377
11.99724,11.004457
-2.3158486,8.660626
11.963689,8.795251
11.266393,8.307015
1.8506151,5.294617
5.740981,3.958139
1.4866054,5.3419523
8.19667,-1.5763749
5.7035885,3.9550183
-2.6005588,9.144133
8.924071,-1.3460604
12.093556,10.314129
-0.60490406,4.6798024
1.5510932,10.832518
-0.6567885,2.7879722
2.8015974,6.34473
6.7529283,2.6989934
11.850819,10.979795
8.172516,1.3080064
6.1113563,3.2125082
-1.2912719,2.9724727
-1.0831339,7.5008945
6.406914,0.79884475
-1.9547741,7.984148
10.691554,10.415827
10.00546,11.364115
12.05125,10.77065
6.2717156,3.5978544
6.042606,1.8719245
-0.74590075,2.813802
6.194893,2.1279469
1.4019258,7.3115797
11.160499,11.482787
-2.5936086,3.7352042
0.72615266,7.5342197
3.2638986,5.9275904
0.91014624,10.158218
1.8919947,6.3691354
-1.0415047,3.2113822
9.989495,10.198237
-1.8738221,8.783999
-1.0948993,4.5920186
10.840235,7.9157057
1.9668466,11.035024
7.28678,2.207311
0.8309205,7.8276653
6.784806,2.669038
8.702902,-1.3992743
1.7848432,7.12371
-2.018754,7.9946175
9.62003,10.423536
5.351891,3.6664903
-2.1765506,9.064231
8.974723,-1.0019407
1.7136952,6.771815
11.045357,12.065812
7.93226,-0.928798
-2.2338176,7.6121216
12.649275,10.992474
2.0791912,11.058539
6.2687144,0.93158
-2.4745438,7.8389215
8.335618,-2.0429003
-2.3890812,4.26988
11.840915,11.413201
10.444336,11.341595
8.264493,-1.2524637
-1.2862166,2.7146363
-0.466033,4.1243596
12.253986,10.657357
-1.8782623,8.163267
8.127828,-0.8668706
9.930967,10.380875
8.150672,1.3573694
11.729442,10.381189
6.214635,3.7831316
2.0516827,6.495881
3.1498868,5.8782597
0.6831638,8.075791
6.097893,0.8687083
10.2619705,10.943983
6.1782527,2.0009024
10.398624,10.538121
10.685203,8.938239
-1.0477942,3.4919827
12.394384,11.817847
12.572145,11.141217
6.1957617,1.0833967
-1.4265401,8.736444
10.767141,8.268943
12.64576,11.02452
9.807669,10.416999
6.3205743,3.8719172
0.50049007,10.382328
11.132112,11.497869
10.551896,10.618899
10.170163,9.97744
9.789709,10.448561
6.818453,2.539685
12.552846,11.144187
-2.6200795,3.5076149
12.309853,11.791002
7.584018,1.6257502
-2.5298762,3.6049926
2.937247,5.887317
11.245611,8.051546
10.859209,11.445857
12.021929,11.452866
11.999148,11.843141
1.8400072,6.4496255
10.05419,10.24358
6.02922,1.3579744
6.381537,3.8429463
2.0854895,11.058366
12.860244,11.086756
0.35464418,9.714585
10.60563,10.826989
1.479396,5.768054
5.846874,3.3981047
5.813085,3.3848345
5.744659,3.9353232
0.7522158,7.1009507
11.981936,11.652347
9.659213,10.992707
12.308015,8.1433
10.909999,9.807049
1.2197193,7.7739296
8.19628,-2.0416498
-1.5467111,8.815051
6.5439277,3.4981036
0.57091314,9.462587
-2.717742,3.7703888
8.758166,-0.7685693
8.530697,-1.0470574
-2.3418498,4.0518236
-1.6671709,4.130051
2.4968297,6.34945
5.8344126,3.2367342
-1.781212,2.4209895
6.618958,2.7557952
2.5055387,6.111384
6.374479,3.0465944
0.3238367,10.53984
0.27947137,9.361294
-1.6862428,2.3964787
2.4078133,6.760943
9.968676,11.22598
-2.1338258,7.771447
0.08714442,10.164949
-0.8312207,7.1461
11.113852,12.190932
-1.6385643,3.7833283
1.6596265,11.22316
6.7782574,2.7349489
10.206468,11.557704
10.469663,10.573314
9.874355,10.924166
-0.87569875,4.677613
-1.0600061,2.5529516
0.6162604,6.6213245
8.801432,-1.0484048
12.598455,8.358597
7.665823,1.6284105
5.656154,3.6433191
10.983081,11.782665
0.8825173,7.9002743
10.155534,11.248036
9.896134,11.120903
12.466771,11.045059
8.958808,-1.2323415
12.4460125,10.775862
1.8320442,11.298615
-0.015006785,7.0742297
5.498433,3.4507184
8.750418,-1.5541161
12.470017,8.220523
10.293278,11.018308
-1.065366,2.4559877
2.181722,6.209234
6.237131,2.5676641
6.41673,2.963892
12.240003,10.718263
-0.42047134,4.646773
-2.421967,7.928477
0.25743783,7.83288
5.9936805,2.758287
1.8653733,6.737035
9.733978,10.67496
-1.4538469,2.53042
8.675157,-1.100103
2.6606388,5.841849
0.70663923,9.373413
5.7689767,1.773938
0.22876425,10.52146
-2.6667275,3.7187607
10.625037,9.298325
10.501684,12.153259
10.682957,9.030592
-2.7223704,8.041356
12.407571,8.574984
-1.5760528,8.779162
0.060535718,9.684546
-0.5460587,4.619564
0.8414398,9.63582
-1.9641321,8.008753
1.9542177,7.0442643
5.9130406,0.9623452
8.463511,1.0123086
7.180044,1.9477491
2.058366,5.798399
10.804563,11.996146
11.834369,11.851984
10.893312,10.948708
2.0818896,11.030785
10.857719,12.003323
12.358619,8.761574
-2.5593455,3.559775
8.843064,-0.75832283
0.9520366,10.095522
0.4763694,7.0334744
1.1989541,7.556177
-0.5255745,2.7414823
12.666016,8.37482
10.136518,10.4473095
-2.7767446,8.984105
6.9876833,1.3723775
0.60065037,9.005267
2.3921115,6.896392
-0.9569106,7.2587304
0.87823033,6.690593
10.50132,12.2181835
-2.594707,3.5941243
9.644338,11.031415
8.746547,-0.6326287
0.04630502,10.002397
11.9240265,10.775149
-0.7324721,7.315909
11.336317,8.593847
12.657413,10.995745
11.034695,11.450631
0.97870684,5.5234222
1.3286955,6.3812
11.773942,9.929094
9.125483,-1.142022
1.3302757,7.7110634
-1.1897197,3.1886868
12.073407,11.847334
5.865313,4.0393977
12.379913,8.615175
9.846261,10.385135
0.34629828,9.646603
2.8146186,6.1606946
0.71747506,6.691244
-0.62221515,8.3477
11.214775,8.748868
10.771428,12.260255
9.880806,10.239052
-2.5419228,4.284948
6.8179207,2.539395
0.05977812,9.970886
11.997065,11.773486
-0.66129667,7.264576
10.4827795,11.043024
-1.5270591,8.75491
12.109565,11.078814
0.618132,6.5090876
8.217204,-1.6384172
10.825943,10.295974
-1.6946965,8.909816
12.232387,11.761679
9.814908,11.360656
7.644924,1.8649377
10.46922,10.449355
8.816502,-0.7862477
-2.6965938,3.5465868
5.712887,2.7048893
5.5909224,3.2405522
11.976245,10.812559
0.13508141,10.109042
2.0281014,6.1740375
11.65824,12.088342
0.9998293,7.7297516
-1.1029116,7.7954235
-0.37308082,8.193246
-2.4756734,9.065766
12.561795,10.830817
1.0594842,9.17812
11.611097,7.541111
1.1740495,7.6118817
-0.67417073,3.3186586
12.73412,11.225847
11.737909,10.821748
8.940197,-1.3803109
12.420107,11.010318
7.6623144,1.5589968
1.3357,5.3217163
0.58682644,10.381801
10.777376,8.372905
11.5352745,7.73752
0.34089074,7.0387244
5.635571,3.1258385
0.29048008,10.51053
8.118045,-0.91988426
6.5462976,0.72528154
-0.41101238,7.459887
7.592611,-1.1430174
1.8945379,5.3415103
-1.2787544,2.5842347
12.342699,8.168253
12.631326,10.751059
0.88684404,5.5591974
8.377338,-1.9242946
-2.4930766,9.217762
2.6894052,5.704788
11.611303,11.062904
0.56542516,8.665328
-1.5840725,4.087581
12.694797,11.167411
12.452737,8.171114
-0.4344205,7.4534626
2.1793745,6.9746304
-2.3175995,8.0311165
8.065468,1.4351323
7.6209908,1.7366483
12.708225,11.198016
0.7392109,9.710703
-2.3784976,9.093803
-0.43758819,4.3254647
0.35786,7.3657293
5.9823475,1.1572303
12.075295,9.892748
2.6101158,5.8402023
-2.0680056,7.964167
10.575956,11.326136
1.1829038,8.421729
8.774988,-1.3724906
-0.6540504,3.9896684
10.892306,11.984202
10.863941,10.928139
2.6325758,6.253814
-0.29963535,8.253343
-0.4359041,4.309715
0.24724138,6.810596
10.303258,10.9595995
0.50878555,9.175962
1.5663291,6.7212424
1.2069216,9.357857
-1.035049,3.307456
10.550321,11.198753
12.4916315,11.632836
11.700058,7.600998
11.777461,7.606538
10.481487,11.279144
-0.9692821,4.7136064
1.970495,11.1260195
0.66471946,8.938131
-1.6462642,3.932481
1.7958636,7.102598
8.220155,-1.9718696
12.003875,11.510192
-0.09028332,7.157925
-0.59815526,7.6639743
6.3312325,3.8729575
8.785781,-0.9820372
6.2714915,0.92356503
5.6511183,0.905721
-0.9171216,2.72017
6.3658576,3.3740435
0.23572202,10.528561
-2.6344137,4.1234875
12.011539,11.291557
6.119488,3.9082005
6.220467,1.7410538
6.135928,1.8194171
-1.7329125,4.1223736
6.229684,3.7237358
0.7513549,9.044353
1.042941,5.6680713
10.053861,9.970943
2.9579177,6.792147
-1.7803304,2.4966762
2.7073982,6.274288
0.8979855,8.851655
5.6398454,1.1038324
10.261623,10.336198
0.41657722,6.8692183
9.699244,11.407512
10.68546,7.9136224
-2.547583,3.6157725
-1.5790514,8.068617
-0.38873592,8.068457
2.3242438,6.757366
2.0627155,6.3668804
9.824483,11.301818
-0.67527044,3.653472
8.114555,-1.6704924
5.5787373,3.0152955
-1.5945755,4.0664835
9.735831,10.409596
5.877776,1.3222257
8.327185,1.0805552
-2.369633,8.624718
11.953628,10.555579
-1.4187803,2.713553
8.708574,-1.3017616
1.3045529,6.3812995
11.973566,9.649943
-2.2676256,7.9134393
0.8492383,7.9604526
-2.512655,3.6242256
7.7273545,-1.3284541
0.10177511,9.692138
6.521428,0.76550984
-2.050215,8.066526
0.7178178,9.827959
2.3311281,6.4826846
0.7486428,8.871414
9.762821,10.624399
-2.250446,8.410189
8.416487,-1.6449661
8.135452,1.3385404
-2.170613,3.5258145
5.2188363,3.843707
10.375872,9.91746
-0.18672681,9.591979
12.659088,8.382333
8.451617,1.0140642
-0.7863205,2.7463999
0.36294,9.795198
1.029777,6.7159123
10.015192,10.246773
1.4196453,6.335972
2.2213106,5.6027856
2.5161936,6.2940135
6.0805254,3.394116
-0.7113495,4.2935658
0.27665454,7.463059
2.5949833,6.6787744
-1.7225839,2.3675597
11.043867,11.917264
9.103086,-1.1104236
11.909388,10.925727
9.728892,10.635255
-1.2602977,2.8049839
8.556889,-1.4988129
11.646399,12.107347
-0.50182617,4.5298843
-1.7719504,8.259595
0.31304765,8.030247
12.776328,10.839396
10.512351,10.026334
5.6015663,3.3815317
6.0009513,1.9986206
-0.57507247,4.5965
7.6163464,1.5356869
1.0732555,5.422849
0.83469087,10.223139
-0.9446204,3.165495
12.226347,10.68778
0.56092495,7.8596897
10.6530285,11.704703
11.756528,10.419589
-1.5768087,3.967313
11.255687,8.606539
11.466919,8.146023
5.9560328,1.175335
0.30991203,6.934429
-2.2326965,4.518661
10.285465,11.840865
11.163255,10.331701
11.263776,8.502842
5.572351,0.9146434
1.4155971,10.40109
8.836115,-1.4218872
8.979914,-1.2619023
1.1237504,8.622391
0.14710358,9.70998
1.2247647,6.6650467
10.973518,12.078691
7.91606,-1.5590342
1.1412185,8.5942745
9.65258,11.062186
11.723832,7.6173363
7.6201587,-1.1920892
10.591074,11.710076
0.67380685,6.6186666
-0.5318604,3.8780367
9.791057,10.338941
10.562583,10.014219
1.3661611,6.352237
1.818275,7.0999436
12.41956,11.257383
0.38729,7.8980913
2.8154745,6.8456645
1.0664603,8.528893
8.511488,-1.0151656
-0.35033387,8.102156
-2.4058254,4.2575216
-0.875864,2.8625846
-1.7264056,8.957091
10.11359,11.026212
0.3908654,7.70441
2.3913252,6.751007
7.5914464,-1.1739112
1.5009319,10.758131
1.1797668,5.62763
10.953744,7.9152956
0.5085937,9.396992
12.596384,8.323846
10.654464,10.634689
-1.7346655,8.815605
-0.9754615,3.675838
2.5472195,6.1915846
12.51781,11.4198
1.824289,6.2815337
-1.0847399,8.016561
10.946078,11.94645
10.896434,8.031199
6.312887,1.5464653
5.8260703,1.8994054
-0.40195033,8.173849
0.28156835,7.472036
1.009838,5.549538
10.688872,7.9288516
8.406472,1.0512265
6.3701267,1.3034366
1.7711967,11.332297
10.84975,8.610656
0.81013095,6.6967845
12.652784,11.155915
9.721157,11.3087015
12.245243,11.55387
-2.4559348,7.9485335
1.0576774,8.026793
10.517052,11.1723795
3.2346973,5.919361
-1.7812415,8.126533
12.1631,9.933472
12.057124,11.832135
8.955082,-0.93804574
-0.46725437,4.1216526
1.4933265,10.857771
7.6049514,-1.1124605
10.991966,10.299578
6.7941904,2.997616
5.353655,3.7979438
6.0685863,2.1144528
-1.6543883,8.528662
7.143367,2.154411
1.0916764,8.120737
6.0249367,1.7772253
-2.2341268,4.4515505
8.334375,-1.4014733
6.4135733,3.4115224
1.0842961,6.308857
6.254213,2.4856799
7.8173494,-1.2785864
-2.7770956,8.945653
0.5417287,7.7711406
7.2949243,2.0829701
-2.032948,4.4420915
-2.5706382,7.9034214
9.696281,10.99813
-2.5037367,4.328978
-1.0551847,3.1447058
10.706092,12.054433
-2.570356,3.5226848
-2.1708221,8.865618
0.9449031,10.143512
8.735616,-0.58049905
0.9099526,10.002365
1.3261908,6.313262
8.443234,-1.9211177
6.060777,1.2842426
6.204523,3.7209742
-1.002213,3.781977
-0.6535332,3.6518023
0.8508422,6.8532968
-2.1839979,8.915318
6.0071187,2.4137802
0.32795438,6.6888795
-1.5890112,4.0830636
0.2205047,7.7669106
1.9789621,7.131898
0.45016474,7.4180455
8.41837,-0.969358
1.7181308,6.9038486
1.3803053,5.317716
-2.321075,4.023673
11.013167,11.856236
5.66618,1.489245
5.706271,2.766159
11.521368,7.7277894
10.75215,9.004288
-1.8376405,2.8182693
-1.7372645,2.3842626
-2.3926277,3.3610444
12.152299,11.325183
6.3542724,3.7993417
0.266653,9.598556
11.263161,8.283246
-2.5845594,8.213827
0.14129293,10.125223
0.22100428,9.804465
8.847532,-1.1296247
12.223015,9.028474
0.07317856,9.97421
8.062393,1.4274906
10.489652,11.647896
8.42699,-1.9569814
7.541044,-1.011653
-2.232832,4.4941926
-0.6576406,3.6677363
11.53037,7.538961
10.793989,8.919752
-2.2132864,7.6047883
-0.9061048,2.6181521
-2.5690455,3.4480562
-2.0369308,7.9854283
12.370155,11.192947
10.97803,12.071814
10.713982,9.024696
10.598469,11.509434
0.6069823,6.5600314
9.964919,10.208573
1.2540102,7.73796
-1.1494305,7.58922
10.995155,11.415747
12.729189,11.063774
7.6307807,1.7907009
11.150369,8.436396
10.897216,10.979356
5.5685964,1.4125001
-1.0236762,3.115276
12.328524,11.13153
11.054989,8.76117
6.434943,2.9771752
1.861249,7.1858277
-2.706501,3.4303002
-2.3344257,9.127287
0.5921031,10.410819
5.95578,2.9185731
0.1888667,6.8848867
9.708328,10.648087
-2.6238089,3.5205853
2.549407,5.877149
-2.3173306,4.423328
-1.7539737,8.034512
5.8020844,1.2127265
2.3897913,5.6979523
1.4911844,6.448631
-0.8839243,7.8604465
12.5041275,11.246207
1.0612302,9.0804825
12.403684,8.173847
1.1405089,6.736023
3.213135,5.917941
1.311765,6.4372835
1.5644423,10.813308
-2.386664,8.609744
2.916696,6.5535073
5.8228207,3.5506237
9.690639,11.398639
-0.9336483,4.737594
2.1595855,5.5426106
0.5576948,8.040703
1.601072,6.2585797
8.265533,-0.94808865
10.6824465,12.210934
1.0870101,6.902232
-1.6478442,8.847706
11.064999,11.970573
6.231124,0.9303754
1.0099039,5.480758
2.395947,5.9597015
10.404441,10.916845
-1.2790401,4.2773542
8.0830345,1.4052287
-0.797901,7.175996
-0.5955433,4.5224514
12.226251,10.442871
10.126399,9.726408
1.8595793,6.3724556
2.95457,6.6225214
11.170398,12.204254
1.3853253,6.4919333
11.10039,12.197914
7.970673,-0.95513266
2.6362567,5.79458
10.954736,12.134983
11.551103,7.5148654
5.9624505,1.7212677
0.57741433,6.5910215
-2.7830594,9.013513
0.3839831,9.739909
6.515151,1.2629287
11.847552,11.050331
10.824223,11.7444315
6.033095,1.3580225
0.96639735,10.108806
5.5685596,0.88450474
-0.3924378,4.239902
11.807864,12.066153
-0.5538876,2.7317767
11.637167,11.450375
-1.747214,8.3083105
1.0723249,5.6102962
-1.7211578,4.343941
1.234832,6.5881987
7.9801946,-0.9725741
2.0774717,11.078726
8.473459,1.0027211
5.771052,0.9079252
12.653428,11.078847
1.0438987,5.4590154
6.1142216,3.6976502
-2.6088564,9.139934
1.5423394,6.0482407
10.748802,11.67612
8.354864,-1.350229
6.245152,3.2705827
-0.05246611,10.217852
11.506815,7.5594473
12.355668,8.692593
5.821204,3.2726939
-2.3886385,4.445019
6.54563,1.9939388
10.344523,9.731042
2.9672678,6.124769
10.096783,10.392295
2.4519527,5.7492256
-2.240154,4.037335
-1.5298784,4.2216263
5.5939913,0.9069245
8.0740185,-1.6305568
5.6577525,3.3921127
-2.213551,7.6135106
-0.865921,4.638345
-2.4586406,7.901049
5.161991,3.9335396
-2.5203927,9.169722
6.220536,2.5898001
6.081348,3.8646228
1.9904907,7.1339865
-0.48115355,4.5016947
-0.54861057,4.716273
12.5657215,10.646179
-0.47157604,2.7810345
12.073703,11.6325865
0.4081822,10.062468
-0.7795394,7.162619
0.2676436,7.8908167
-1.7689852,2.3931746
9.782704,10.568152
10.832681,7.86869
6.0871377,3.3475053
-1.8621446,2.8705478
9.999461,10.563563
12.771172,11.266632
0.56920373,9.07459
12.223701,11.20762
9.0944805,-1.1076754
-1.5445194,3.9333136
10.693897,9.094871
-2.224415,7.6120486
10.559359,11.4738865
0.26517934,10.4981575
10.567516,11.46531
1.8339818,11.174503
0.42862007,7.9622297
7.261397,1.8882471
6.750651,2.7499838
-2.3666863,3.813479
5.7745266,1.6018463
2.6924696,6.106232
0.79182696,9.74416
0.3186741,7.1478896
11.028492,11.639228
12.633817,10.666646
-0.9624803,2.7534807
-1.0745549,2.4922554
-1.9884782,4.1365848
2.4002295,6.082807
6.646477,3.0156562
0.55403596,7.7184553
1.3200312,7.7217193
11.8363085,11.0874815
11.583967,7.629001
11.452838,11.105508
5.68781,1.6796163
-1.6585935,2.4123638
2.655467,6.6603627
-2.5481572,8.744487
6.5820866,0.69241565
1.0492275,8.075345
0.8130997,6.3088
0.60299575,9.271864
-2.6117396,8.011769
10.209837,11.827306
7.601712,-1.0957631
-0.7347222,3.4015698
0.36471596,7.989914
5.744679,3.5542414
11.743866,9.950033
-2.617125,9.132819
1.6445355,10.725614
2.5403821,6.645283
0.52795684,8.747048
-2.6376686,3.5074608
-2.464553,8.462425
-1.194804,4.3411965
0.44669735,6.452357
6.351124,2.8826616
10.486318,10.53654
-1.7507342,2.3648872
0.52513343,10.45173
-2.5418015,3.8382165
1.5098225,5.1799893
-0.46765456,4.169934
1.8230923,10.4585495
2.1811562,7.2148385
12.205174,8.459859
0.6569941,7.8310537
12.085561,10.492713
11.4650135,10.874991
8.887542,-1.436057
-1.5866215,8.92106
12.466208,10.834238
7.933245,-1.2815957
9.587644,11.225032
7.524365,1.7980335
7.717204,1.7010585
0.28081873,7.9823575
1.9711384,7.090925
1.0710683,7.5624623
12.3502655,11.55425
7.996084,-0.843389
-0.6108605,3.1888428
5.8055077,3.3765178
8.342126,-1.7041974
12.4404,8.166637
8.32407,1.1515175
1.4427147,6.207753
-2.494501,3.6195896
1.1671612,6.0432105
2.1546385,5.5429616
12.352344,8.250603
10.683174,11.913167
10.2839,11.280459
10.734737,10.281659
2.4852023,5.7296324
11.516224,7.548293
-1.703463,7.6690135
8.236327,1.22526
0.29139805,7.579482
-2.5198174,9.094626
10.689629,12.024611
-0.9784837,2.6221144
-1.7334913,3.8802874
0.7621044,9.757679
-0.4301022,8.139034
-1.0730083,2.5580895
11.949412,11.016437
0.6364012,6.573506
5.638851,3.3785596
12.367844,11.749528
6.326441,2.957585
11.942062,10.684655
0.103188574,10.158423
8.45154,1.0093349
10.810519,7.9114
5.3423843,3.238336
-2.1218061,4.4481635
10.167705,9.663873
8.387026,-0.9041767
3.116709,5.847955
2.4922013,5.7381835
-2.5767386,3.6610215
6.120234,0.8386285
0.8241121,7.0406313
1.6453434,11.202602
0.55945957,10.42318
1.2587274,6.0630064
-0.6980573,7.4238453
2.3071804,6.6380663
0.5693118,8.848746
9.9852495,11.308119
1.992939,5.9922986
-1.6553594,8.505535
10.479003,11.427526
8.103777,1.3940775
-0.87965024,7.2309513
5.556346,3.5650926
-1.5566096,2.3588574
-0.7643056,3.0561156
1.5756493,6.4051027
-1.930617,8.091558
10.006689,11.287994
12.059898,11.822147
12.4648905,10.959111
7.1137543,2.1448288
7.2934313,1.6791004
-1.1391882,3.561683
8.363046,1.0484865
1.5258158,6.077728
2.3444276,6.253111
-2.625682,3.5922103
11.287322,8.269596
8.251404,-1.8686008
11.075196,12.1184
5.792126,3.8019276
5.586289,3.9247236
7.4809313,-0.96066713
9.767647,10.655628
-0.16957262,8.167143
0.9320072,10.2359495
-0.85583115,8.473568
-0.8235822,7.236441
12.114527,8.405505
10.212685,10.655786
6.270307,3.8108697
10.665794,11.904758
11.497526,7.8437653
10.25083,10.34964
5.5264974,3.617898
9.732473,10.925942
0.973753,6.020362
-0.81459635,7.43894
8.046502,1.3914411
6.5586925,2.9344885
7.9498315,-1.5900824
8.744113,-0.50870746
-0.9203287,2.6455867
7.097396,2.0525117
-2.5858264,3.5582705
2.744692,6.3312125
2.7061596,6.8651743
8.33357,1.1087649
1.9758514,7.005688
2.0913198,6.2654653
1.8162841,10.509935
2.609344,6.1955404
7.3126283,1.6306982
10.961267,11.871125
11.819973,7.6127768
0.6439587,9.74447
7.0586195,1.354638
11.411297,8.425174
11.888239,10.844191
10.62902,10.606525
-2.194393,9.001951
-1.1308631,3.5142279
5.516298,1.2706393
11.236846,7.9436946
0.5074813,10.365736
10.776857,9.986279
8.435416,1.0109628
8.988861,-1.3918713
11.081618,10.659441
0.76963377,6.6868267
-1.0207928,3.6290765
7.6601176,-1.1878095
-0.6262652,7.2884974
-1.9697255,8.952541
2.426747,6.260144
2.4912982,6.658445
-1.3289908,3.0028236
9.042107,-1.2477403
10.534589,10.465177
6.008768,1.43843
-0.8092652,2.6622443
-1.9498141,3.979095
5.74113,2.8925836
7.66314,1.7759778
-0.45595816,3.676582
2.252235,7.213853
2.3129,6.78784
2.457692,5.6274447
-1.8143905,4.272945
7.6014366,-1.1486435
-0.9649156,2.4756625
1.3176554,6.5390964
6.2175655,3.8669212
8.277282,-1.9926494
10.889544,11.721471
12.025337,11.095098
-1.0572704,3.22839
6.4070363,3.660482
10.17707,9.753682
10.951477,12.232265
5.1996655,3.9292235
0.07822277,9.83204
1.5405904,7.498077
12.445258,10.988164
-0.42054302,3.762065
-2.659396,3.4841356
1.3400444,7.3321896
8.890595,-0.83319294
8.993678,-0.9562299
2.451543,6.728648
11.095378,10.441605
-2.346138,8.611709
6.5259023,2.8690898
10.952352,11.558222
9.671059,11.333966
0.34645993,10.399569
6.2162914,0.77904993
-0.7145173,7.8168464
1.2067897,6.2055755
-2.059889,8.998782
-1.7327127,2.4994285
-1.1100736,3.2315695
10.573792,10.657788
-0.4835899,7.6670675
0.29176658,7.4719806
5.948781,3.9712782
-0.08856996,10.104063
12.801901,11.133158
7.714045,1.8279564
10.221576,10.274022
-1.0019933,4.6086817
10.30416,10.195599
-1.805888,2.9102318
10.705962,7.9461904
0.6824156,7.4924793
5.9015675,0.851394
12.017209,10.953146
-1.7436898,8.315416
10.097351,11.09581
10.779779,11.231973
12.013832,10.82273
6.1974707,3.7891524
8.318091,-1.3841995
11.42989,7.844606
10.109586,11.1427355
-0.80710447,7.1185417
1.0501072,6.163834
12.326245,8.095925
5.702029,2.6891596
2.484454,6.4989457
10.5157,11.137526
7.5196395,-1.0836316
-2.1802187,4.0075793
6.1794324,0.84613043
-0.0134057375,7.2064056
10.37285,12.031306
7.6765275,1.8133149
3.203813,5.9400373
8.465873,-1.8979701
6.466972,3.075212
6.3011684,1.7972975
12.389749,8.092044
11.780131,9.829811
11.073748,12.095291
1.3069489,6.3096457
6.206087,3.8311088
10.428924,11.768895
0.96478665,10.091374
7.3654604,2.0827284
5.982688,3.637279
12.402614,8.133505
5.6837635,2.4157128
-2.6307554,3.5085077
11.950201,11.581842
2.3407342,6.346744
-1.0507952,7.646175
10.190175,11.870174
10.326724,12.042842
-2.0144198,8.068672
6.1815825,3.0558536
12.416485,11.80201
6.3398843,2.3872008
1.8464634,11.271119
12.812478,10.873615
11.601957,10.515128
1.6434326,7.742995
-1.6796713,3.8796368
12.443476,8.2706375
10.195014,9.62948
5.9071956,1.3213713
0.7814084,8.016832
10.5766735,10.627058
1.5544504,6.6910696
-1.75454,8.834544
11.209354,8.453915
0.113221124,9.704572
11.398453,11.655715
5.404885,3.9922912
10.18771,11.565776
1.8978533,5.358826
6.3704433,3.8917358
6.0558524,2.5066156
10.676315,7.9187975
7.6786203,1.5854849
12.408889,8.534683
-1.724253,4.174319
7.612792,1.5871679
2.856057,6.814953
12.417445,10.758071
12.518515,10.842634
2.967069,6.0287123
0.6679938,10.398791
0.9965462,5.466002
10.313958,10.875892
12.039465,10.635402
1.704122,6.175363
-2.2431304,4.0271845
1.6171023,7.83294
0.64926827,9.990642
-2.5606034,3.7543135
2.7471879,6.4642496
-2.3783882,4.498503
6.6194825,2.7412572
6.3648624,3.6392164
1.0403489,9.408433
-2.2598662,8.885197
9.663929,10.353038
-1.082513,7.9725137
5.6368093,1.1521791
10.850472,12.0830345
-0.09332287,9.646999
12.692908,11.307778
10.782128,11.756412
2.3200526,6.897425
7.9714603,-1.5978179
-0.90554124,7.846667
11.972105,8.595232
1.9238802,7.093702
12.759317,11.207595
10.316956,11.177395
12.092676,8.703246
12.817919,10.986318
-2.0486138,8.910067
6.0261436,2.5896297
11.778299,11.001127
8.849246,-1.4022133
2.5354445,6.420485
12.251486,10.487672
-1.7731564,2.33736
8.020046,-1.4023663
6.317706,1.4805061
10.894119,11.920232
2.2523665,6.545705
2.321214,6.8007746
12.682418,11.172692
9.793332,10.2809725
5.861624,2.9062364
6.5001163,0.7684279
-1.061716,3.6274426
-0.6797698,7.2584696
-2.2314422,4.5522566
0.4741703,6.8224
11.1360235,8.849938
8.849774,-0.725589
-2.5915992,9.120885
7.202518,1.3908361
-1.7918346,8.026081
7.071355,1.3483014
10.870035,12.10724
1.0796214,9.049319
7.5931406,-1.1129761
-2.551619,8.130437
-0.7370377,3.5802345
10.753514,8.307003
-2.3746212,8.69046
1.2098987,7.9835687
12.270164,10.939181
-0.018561035,9.6170435
12.490663,10.96703
5.368475,3.775028
-0.59694177,2.7382715
10.228751,10.039048
10.805403,10.786454
1.0487959,7.569179
0.1007257,7.23818
7.1795554,2.3891168
5.8093686,1.1357186
7.388479,1.8294379
-2.4634104,7.8404913
12.239264,8.400207
8.847881,-0.7725052
-1.7634399,8.605193
2.7448838,5.8507767
6.054933,2.4808435
6.5535703,2.149574
0.9298758,6.9430084
12.346864,11.453677
6.3822603,1.3391091
10.771031,12.010215
3.092532,6.8641567
12.571529,11.0022
-2.3934488,4.447094
10.742233,7.953842
-0.6279916,2.8164146
8.561585,-1.60002
-0.96475637,3.183705
-2.3233495,9.079845
-0.009551058,10.00958
-0.9272106,2.6883872
1.4989219,6.916694
1.4824207,6.1687603
0.69133204,9.779174
-1.2139064,3.166961
12.157568,8.505708
0.45036343,6.3766475
2.1019006,11.087376
6.114469,3.6631768
1.5525243,7.0146804
-1.9281887,8.726901
2.537744,5.9620767
-1.2561673,7.912382
1.1883566,8.068716
2.344605,5.863822
5.498084,3.08321
-1.7930669,8.288273
10.810664,11.416189
12.023258,10.348281
1.908524,5.4116306
-2.682873,9.097805
0.3835386,9.370677
-0.971236,7.3953586
5.954865,1.6956875
0.019189779,8.341974
10.299657,11.005476
3.2214088,5.8684306
10.562181,10.443664
-1.2551095,2.9005988
7.585991,-1.1323295
5.4394393,3.5410864
8.854472,-1.1660943
-1.0727925,2.4337935
12.372872,8.634748
6.0844035,4.0077043
5.640911,3.3928463
0.7029832,6.5656977
-1.5519425,8.678722
9.892801,10.144475
-0.72943753,2.8225617
2.471494,5.730126
5.397499,3.7165184
11.092996,8.723319
1.7803776,5.327782
-1.5510929,8.890465
-1.7614311,8.574532
0.39463815,7.105377
2.7342906,6.584576
-2.342781,8.668653
11.772894,9.914715
10.623481,12.019231
5.6106124,3.0526514
0.1804726,10.087816
12.10681,8.071755
-2.1969113,7.6947904
-0.51483506,7.34088
10.430471,10.8966255
2.0933533,6.173372
10.177871,10.446266
2.3176866,6.626637
6.5265627,0.7613565
0.774981,9.734385
8.7133045,-0.7129775
11.64412,7.588496
1.1575903,7.995923
12.291465,11.862943
0.4272347,6.400179
-1.9390815,4.2249346
10.948711,12.087844
8.089506,-1.4460568
1.1831734,5.414044
1.329172,5.3285813
-2.7138276,3.6808324
1.7674538,7.178725
1.6702893,11.254456
1.2492253,6.6441927
11.562737,7.6288924
1.6861336,11.269149
1.1089181,9.066313
6.0997405,2.6790247
0.2992512,7.8782763
11.792248,11.321294
7.588823,-1.037485
10.763241,9.869998
-1.0748688,2.4288793
0.62593895,9.613375
0.27185583,7.770067
1.436207,6.831247
1.521281,10.871574
1.6150825,6.9192905
12.670489,11.010949
5.7265577,1.1834295
0.21393687,10.533501
-2.3216214,4.4618897
-2.2346048,7.63056
2.1921666,6.9544926
-1.0692542,2.4355574
9.706935,10.709576
0.9064147,7.0300756
9.798121,10.263615
10.410214,10.305021
-1.5295771,2.8451982
5.551135,0.9025751
11.9574,10.970482
10.1767645,9.4957485
2.008409,11.156187
12.454252,11.6353655
0.6720151,7.4065714
8.168508,-1.6215562
6.215653,0.8904352
6.6119432,2.029465
8.355236,-0.9245591
6.2520237,0.912332
-1.5607152,2.3398788
8.099878,-1.8794734
11.180652,8.598709
5.9797287,3.3138263
11.633033,10.643996
0.9847203,10.141871
-2.4070964,3.3946257
-1.1689898,4.4355955
1.0657175,9.176941
-2.607559,3.4286287
10.91528,11.527392
-1.8376931,8.767922
8.128821,-1.5523041
0.5240451,10.465095
1.4991428,10.671698
8.9923525,-1.0895481
0.9174804,9.974176
0.927214,7.028322
6.077371,1.9282931
2.0096922,5.4765115
-0.73220986,8.033771
1.1139146,7.3019342
12.405582,10.874763
8.149857,1.3314925
7.662916,1.6214325
5.2059236,3.929407
11.865238,10.875888
11.382644,12.151583
8.353079,-1.9613088
6.2942224,2.964272
11.956673,9.805865
2.7464957,6.6191587
1.522506,6.826642
0.85519314,7.0400558
10.68226,11.248911
12.083238,11.344297
6.7297144,2.7878873
-0.6281775,7.2613893
-0.45051575,8.145225
-2.2846487,8.813103
0.27151158,6.928476
10.767773,8.932881
8.175904,1.2824317
1.1798555,9.389724
2.808339,6.120079
2.163659,7.1656346
9.681748,11.201823
10.819175,10.748584
1.4661249,10.49153
12.005725,11.202637
8.046038,-1.726724
11.263441,8.496726
11.149784,11.46954
2.2173574,5.6204257
8.494318,-1.0218647
12.265481,8.389635
-0.66299444,7.6094317
-1.2451609,3.4150538
-1.3596222,2.4003243
8.432953,1.0455117
5.9346986,2.88227
6.750441,2.74083
2.6980777,6.466167
10.698092,7.908864
7.9302287,-1.5378188
2.8317986,5.8365245
-1.005084,2.4575953
1.8161265,11.300526
8.234837,-1.6898372
6.7178273,2.899866
10.0946045,11.288579
8.796172,-1.2237889
12.013448,10.947464
-2.6146128,8.299354
-0.53714347,2.793824
-2.0175097,8.103951
11.839888,12.091046
-2.4397702,8.435183
-0.20242918,9.560358
1.599988,6.9885306
12.197742,10.722956
1.5815767,11.078789
-2.4279523,3.3788493
6.253682,3.175478
-0.45735997,4.0910406
-0.49892178,4.177217
6.125942,2.641425
-1.6994194,2.381174
5.5288854,1.0003973
11.928627,9.8581915
12.55173,8.397437
-1.7345762,8.359151
2.3244538,6.079956
-0.923377,4.7288556
12.123512,10.540806
1.8062896,7.1820126
-1.5903912,3.95335
